operator_form_test	fail	11	1	1
third_operator_test	pass	32	0	1
a11y_test	fail	39	1	1
accounting_configuration_test	pass	5	0	1
affinity_test	pass	33	0	1
agent_configurator_test	pass	1	0	1
agentic_commerce_test	pass	1	0	1
agentic_workforce_test	pass	6	0	1
ai_control_plane_test	pass	6	0	1
ai_slice_test	pass	10	0	1
ai_visibility_states_test	pass	0	0	1
app_test	pass	15	0	1
appointment_roster_test	pass	0	0	1
attribution_report_test	pass	8	0	1
audience_activation_test	pass	3	0	1
audience_async_activation_test	pass	1	0	1
audience_builder_test	pass	11	0	1
audience_native_test	pass	5	0	1
audience_scheduler_test	pass	27	0	1
audience_snapshot_test	fail	3	1	1
audience_sql_test	pass	9	0	1
b2b_test	pass	33	0	1
bankid_test	pass	1	0	1
base_migration_test	pass	22	0	1
bill_distribution_test	fail	127	1	1
bill_situation_test	pass	10	0	1
billing_cycle_test	pass	29	0	1
billing_ia_test	pass	45	0	1
billing_overview_test	pass	24	0	1
billing_scale_test	pass	18	0	1
bills_desk_test	pass	7	0	1
bnpl_recurring_test	pass	1	0	1
browse_cache_test	pass	3	0	1
bss_bridge_test	pass	1	0	1
bss_traits_test	pass	1	0	1
bundle_decomposition_test	fail	4	1	1
bundle_test	pass	0	0	1
byo_cms_test	pass	1	0	1
campaign_lifecycle_test	pass	27	0	1
care_chat_test	pass	4	0	1
carrier_choice_test	pass	11	0	1
carrier_generic_test	pass	3	0	1
carrier_picker_test	pass	13	0	1
category_authoring_test	pass	1	0	1
cfs_decomposition_test	fail	49	1	1
cfs_obeys_test	fail	0	1	1
cfs_realisation_test	fail	0	1	1
channel_availability_test	pass	1	0	1
channels_test	pass	1	0	1
chaos_twin_test	pass	0	0	1
collections_test	fail	115	1	1
color_pricing_test	pass	12	0	1
configurable_channels_test	pass	46	0	1
configurator_test	pass	0	0	1
connector_multidest_test	pass	1	0	1
console_home_test	pass	3	0	1
console_nav_test	fail	1	1	1
console_palette_test	pass	2	0	1
console_sso_guard_test	pass	11	0	1
console_test	pass	11	0	1
console_workspaces_test	fail	1	1	1
copilot_experience_test	pass	10	0	1
copilot_test	pass	124	0	1
cpe_test	fail	53	1	1
create_confirmation_test	pass	5	0	1
creditnote_test	pass	10	0	1
csr_customer_context_test	pass	11	0	1
csr_scenarios_test	pass	13	0	1
csr_test	pass	46	0	1
csr_typed_search_test	pass	10	0	1
csr_wayfinding_test	pass	2	0	1
csr_workspace_test	pass	11	0	1
dealer_channel_test	fail	52	1	1
deals_test	pass	5	0	1
decision_log_test	pass	8	0	1
demo_test	fail	20	1	1
desk_learning_test	pass	1	0	1
device_commerce_test	pass	14	0	1
device_entitlement_test	fail	28	1	1
device_model_test	pass	5	0	1
diagnosis_in_place_test	pass	8	0	1
diagnostics_test	pass	5	0	1
discovery_surface_test	pass	0	0	1
elasticity_benchmark_test	pass	3	0	1
engagement_test	pass	2	0	1
esp_test	pass	7	0	1
eventhub_test	fail	60	1	1
family_config_test	pass	7	0	1
family_max_test	pass	4	0	1
family_phase2_test	pass	22	0	1
family_phase3_test	pass	1	0	1
family_test	pass	8	0	1
fixed_wholesale_console_test	fail	12	1	1
for_you_test	pass	12	0	1
forecast_receipt_test	pass	7	0	1
frequency_dnc_test	pass	4	0	1
fulfilment_dry_run_test	pass	131	0	1
fulfilment_picker_test	pass	8	0	1
fulfilment_test	pass	18	0	1
funnel_analytics_test	pass	1	0	1
g2_honest_game_test	pass	16	0	1
g3_community_test	pass	1	0	1
geo_discoverability_test	pass	0	0	1
geo_structured_data_test	pass	61	0	1
geosite_test	pass	3	0	1
growth_test	fail	50	1	1
guardrails_test	pass	7	0	1
guest_test	pass	9	0	1
guided_selling_test	pass	1	0	1
guyana_market_test	pass	2	0	1
hardening_test	pass	103	0	1
home_attention_test	pass	23	0	1
honest_shelf_test	pass	9	0	1
household_test	pass	22	0	1
i18n_test	pass	2	0	1
import_base_test	fail	30	1	1
install_slot_rollback_test	fail	17	1	1
installments_test	fail	60	1	1
interaction_timeline_test	pass	6	0	1
journey_authoring_test	pass	8	0	1
journey_autotune_test	fail	31	1	1
journey_b2b_test	pass	1	0	1
journey_branch_test	pass	4	0	1
journey_canvas_editor_test	pass	10	0	1
journey_canvas_test	pass	1	0	1
journey_context_test	pass	4	0	1
journey_copilot_chat_test	pass	23	0	1
journey_copilot_console_test	pass	9	0	1
journey_copilot_test	pass	4	0	1
journey_edit_console_test	pass	3	0	1
journey_edit_test	pass	30	0	1
journey_graph_test	pass	16	0	1
journey_insights_test	pass	5	0	1
journey_ocs_threshold_test	pass	5	0	1
journey_personalize_test	pass	2	0	1
journey_stages_test	pass	3	0	1
journey_usage_trigger_test	pass	5	0	1
kc_selfheal_test	pass	3	0	1
knowledge_help_test	pass	7	0	1
knowledge_test	pass	6	0	1
landing_page_test	pass	0	0	1
late_cdr_rerate_test	pass	7	0	1
launch_governance_test	pass	5	0	1
lead_cdp_engagement_test	pass	4	0	1
lead_scoring_test	pass	0	0	1
learning_contract_test	pass	9	0	1
lifecycle_test	fail	30	1	1
list_search_test	pass	33	0	1
load_billing_test	fail	30	1	1
loyalty_test	fail	7	1	1
market_provider_claude_test	pass	0	0	1
marketing_preference_test	pass	1	0	1
martech_test	fail	54	1	1
message_template_test	pass	7	0	1
migration_rehearsal_test	pass	0	0	1
mobile_wholesale_provider_test	fail	10	1	1
mobile_wholesale_test	pass	6	0	1
model_routing_test	pass	2	0	1
nba_arbitration_test	pass	5	0	1
negotiation_twin_test	pass	0	0	1
next_hit_test	pass	6	0	1
norway_rails_test	fail	15	1	1
number_choice_test	pass	7	0	1
object_store_test	pass	64	0	1
ocs_test	pass	5	0	1
offering_rules_panel_test	pass	5	0	1
omnichannel_test	pass	4	0	1
one_projection_test	fail	1	1	1
ontology_test	fail	7	1	1
opportunity_o1_c1_test	pass	1	0	1
opportunity_pipeline_test	pass	2	0	1
order_journey_test	pass	2	0	1
p1_hardening_test	pass	240	0	1
partnership_test	pass	0	0	1
party_debris_test	pass	328	0	1
personalization_test	pass	16	0	1
pim_test	fail	32	1	1
pipeline_board_test	pass	4	0	1
plan_change_test	pass	83	0	1
policy_test	pass	1	0	1
porting_test	pass	41	0	1
price_builder_test	pass	52	0	1
price_parity_test	fail	30	1	1
price_sim_test	pass	9	0	1
pricing_test	pass	5	0	1
privacy_test	pass	40	0	1
process_memory_test	pass	122	0	1
product_advisor_test	pass	22	0	1
product_trait_retraction_test	pass	3	0	1
proration_test	pass	30	0	1
prospect_reach_test	pass	1	0	1
prospect_sim_test	fail	94	1	1
psp_bnpl_remittance_test	pass	2	0	1
psp_bnpl_settlement_test	pass	4	0	1
psp_card_orchestration_test	pass	1	0	1
psp_klarna_test	pass	0	0	1
psp_paypal_test	fail	0	1	1
qualification_gate_test	pass	1	0	1
quota_attainment_test	pass	1	0	1
quota_team_snapshot_test	pass	0	0	1
quote_cpq_rules_test	pass	1	0	1
quote_order_contract_test	pass	1	0	1
quote_pricing_esign_test	pass	1	0	1
referral_test	pass	15	0	1
refunds_test	pass	20	0	1
reg_rehearsal_test	pass	2	0	1
registry_address_test	pass	5	0	1
remittance_test	pass	27	0	1
revenue_test	pass	33	0	1
risk_test	pass	1	0	1
roles_test	pass	0	0	1
rule_reopen_test	pass	6	0	1
rule_sign_test	pass	7	0	1
sales_test	pass	1	0	1
scheduler_console_test	pass	2	0	1
search_test	fail	1	1	1
segment_pricing_test	pass	2	0	1
service_kind_test	fail	1	1	1
servicequal_test	pass	1	0	1
shadow_billing_test	fail	25	1	1
shadow_clone_test	fail	31	1	1
shipping_track_test	pass	3	0	1
shop_home_test	pass	5	0	1
shop_personalization_test	pass	10	0	1
shop_staff_guard_test	pass	7	0	1
shop_window_test	pass	2	0	1
signal_intelligence_test	pass	170	0	1
sigscale_ocs_test	fail	2	1	1
sim_test	pass	29	0	1
sla_test	pass	202	0	1
slice_boost_test	pass	50	0	1
social_care_test	pass	25	0	1
social_lead_test	pass	2	0	1
social_listening_test	pass	1	0	1
social_meta_test	pass	0	0	1
social_publish_test	pass	1	0	1
social_test	pass	1	0	1
spec_characteristics_test	pass	14	0	1
split_billing_test	fail	31	1	1
ssr_gateway_test	pass	41	0	1
ssr_render_test	fail	1	1	1
standards_faces_test	pass	0	0	1
storefront_test	fail	35	1	1
stt_seam_test	pass	0	0	1
subscription_metrics_test	pass	0	0	1
telesales_test	fail	54	1	1
tenant_test	pass	4	0	1
tmf915_test	pass	6	0	1
token_picker_test	fail	31	1	1
track_c_test	pass	38	0	1
traits_region_org_test	pass	5	0	1
usage_policy_test	pass	2	0	1
vas_test	pass	4	0	1
visitor_retargeting_test	pass	0	0	1
wholesale_open_access_test	pass	19	0	1
wholesale_provider_test	pass	8	0	1
workforce_runtime_test	fail	0	1	1
wrapped_legacy_test	fail	1	1	1
operator_form_test	fail	11	1	2
a11y_test	fail	38	1	2
audience_snapshot_test	pass	2	0	2
bill_distribution_test	fail	121	1	2
bundle_decomposition_test	fail	4	1	2
cfs_decomposition_test	fail	62	1	2
cfs_obeys_test	fail	0	1	2
cfs_realisation_test	fail	0	1	2
collections_test	fail	125	1	2
console_nav_test	fail	1	1	2
console_workspaces_test	fail	2	1	2
cpe_test	fail	53	1	2
dealer_channel_test	fail	55	1	2
demo_test	fail	20	1	2
device_entitlement_test	fail	28	1	2
eventhub_test	fail	60	1	2
fixed_wholesale_console_test	fail	12	1	2
growth_test	pass	87	0	2
import_base_test	fail	30	1	2
install_slot_rollback_test	fail	16	1	2
installments_test	fail	63	1	2
journey_autotune_test	fail	0	1	2
lifecycle_test	fail	31	1	2
load_billing_test	fail	30	1	2
loyalty_test	fail	6	1	2
martech_test	fail	54	1	2
mobile_wholesale_provider_test	fail	9	1	2
norway_rails_test	pass	62	0	2
one_projection_test	fail	1	1	2
ontology_test	fail	7	1	2
pim_test	fail	32	1	2
price_parity_test	fail	31	1	2
prospect_sim_test	fail	94	1	2
psp_paypal_test	fail	0	1	2
search_test	fail	1	1	2
service_kind_test	fail	0	1	2
shadow_billing_test	fail	25	1	2
shadow_clone_test	fail	31	1	2
sigscale_ocs_test	fail	2	1	2
split_billing_test	pass	11	0	2
ssr_render_test	fail	0	1	2
storefront_test	fail	35	1	2
telesales_test	fail	54	1	2
token_picker_test	fail	31	1	2
workforce_runtime_test	fail	0	1	2
wrapped_legacy_test	fail	0	1	2
